dataset,c_split,model,property,value,testing_entities,testing_min_entities,testing_triples,testing_min_triples,results_hits_at_10,results_hits_at_5,results_hits_at_3,results_hits_at_1,results_inverse_harmonic_mean_rank,results_arithmetic_mean_rank,results_min_hits_at_10,results_min_hits_at_5,results_min_hits_at_3,results_min_hits_at_1,results_min_arithmetic_mean_rank,results_min_inverse_harmonic_mean_rank,training_cpu_energy,training_gpu_energy,training_ram_energy,training_duration,prediction_cpu_energy,prediction_gpu_energy,prediction_ram_energy,prediction_duration,evaluation_cpu_energy,evaluation_gpu_energy,evaluation_ram_energy,evaluation_duration,evaluation_min_cpu_energy,evaluation_min_gpu_energy,evaluation_min_ram_energy,evaluation_min_duration,directed,information_loss,original_average_pagerank,original_average_degree,original_average_betweenness,original_average_harmonic_centrality,average_harmonic_centrality,average_betweenness,average_pagerank,n_relationships,order,size,density,diameter,transitivity_undirected,connected_components_weak,connected_components_weak_relative_nodes,connected_components_weak_relative_arcs,girth,vertex_connectivity,edge_connectivity,clique_number,average_degree,max_degree,degree_deciles,average_indegree,indegree_deciles,average_outdegree,outdegree_deciles,radius,average_path_length,assortativity_degree,mean_eccentricity,min_eccentricity,max_eccentricity,eccentricity_deciles,centralization,motifs_randesu_no,num_farthest_points,mincut_value,len_feedback_arc_set,mean_authority_score,min_authority_score,max_authority_score,mean_hub_score,min_hub_score,max_hub_score,min_closeness,max_closeness,mean_closeness,min_constraint,max_constraint,mean_constraint,max_coreness,min_coreness,mean_coreness,max_strength,min_strength,mean_strength,entropy
FB15k237,0,ComplEx,random,0.03,11309,8737,29349,19248,0.5308017308937272,0.4486183515622338,0.3811884561654571,0.2404511226958329,0.33743882179260254,568.774169921875,0.5304706982543641,0.4441500415627598,0.37393495428096424,0.22771197007481297,555.2247314453125,0.32839298248291016,0.07244322665259051,0.09666046816164453,0.0016822246656762153,3746.4161915779114,0.07244322665259051,0.09666046816164453,0.0016822246656762153,0.018506765365600586,0.07244322665259051,0.09666046816164453,0.0016822246656762153,1.8532793521881104,0.07244322665259051,0.09666046816164453,0.0016822246656762153,1.4512114524841309,True,0.9717639524958284,6.894174422612891e-05,31.864046880386073,13416.862599103757,0.3743733892961064,0.374284377468066,33338.985989616696,7.111869710546903e-05,237,14061,218401,0.001104722230905515,16,0.01517724690612892,6,0.9992176943318398,0.999967948864703,3,0,0,20,31.064789133063083,5875,"[1.0, 4.0, 7.0, 10.0, 14.0, 19.0, 25.0, 30.0, 38.0, 54.0, 5875.0]",15.532394566531542,"[0.0, 1.0, 2.0, 3.0, 5.0, 7.0, 9.0, 12.0, 17.0, 24.0, 4768.0]",15.532394566531542,"[0.0, 1.0, 3.0, 5.0, 8.0, 11.0, 14.0, 17.0, 22.0, 31.0, 1107.0]",0,4.049094065592487,-0.1314995910504209,7.857975961880379,0.0,16.0,"[0.0, 2.0, 8.0, 8.0, 8.0, 8.0, 9.0, 9.0, 9.0, 10.0, 16.0]",0.025795697142528835,58859150,3,0.0,44927,0.0023011013858570068,0.0,1.0,0.12258681448764994,1.1532206158574317e-17,1.0,0.18668030880848294,1.0,0.35746890724274283,0.0004666556973816264,1.0,0.13932700738163004,50,1,16.388236967498756,5875.0,1.0,31.064789133063083,6.563430026459393
FB15k237,0,ComplEx,random,0.05,11037,8737,28193,19248,0.5334302841130777,0.45342815592522967,0.3864079736104707,0.24344695491788743,0.3408132791519165,572.7720336914062,0.5315097672485453,0.44789068994181214,0.37985764754779716,0.23023171238570242,578.15673828125,0.3314087986946106,0.06606613006091731,0.0899175924895701,0.0016430095499187854,3634.1040828227997,0.06606613006091731,0.0899175924895701,0.0016430095499187854,0.0261838436126709,0.06606613006091731,0.0899175924895701,0.0016430095499187854,1.7938508987426758,0.06606613006091731,0.0899175924895701,0.0016430095499187854,1.4163599014282227,True,0.952714654430493,6.894174422612891e-05,31.864046880386073,13416.862599103757,0.3743733892961064,0.37411030509623605,32572.542944339493,7.266385699752942e-05,237,13762,209793,0.001107795113079187,16,0.015046538196456238,6,0.9992006975730272,0.9999666337771042,3,0,0,20,30.488737102165384,5757,"[1.0, 4.0, 7.0, 10.0, 14.0, 19.0, 24.0, 30.0, 37.0, 53.0, 5757.0]",15.244368551082692,"[0.0, 1.0, 2.0, 3.0, 5.0, 7.0, 9.0, 12.0, 16.0, 24.0, 4671.0]",15.244368551082692,"[0.0, 1.0, 3.0, 5.0, 8.0, 11.0, 14.0, 17.0, 21.0, 30.0, 1086.0]",0,4.0590677385403025,-0.13117142934375114,7.873710216538294,0.0,16.0,"[0.0, 2.0, 8.0, 8.0, 8.0, 8.0, 9.0, 9.0, 9.0, 10.0, 16.0]",0.02633392176646096,56143563,3,0.0,42868,0.0023041764834372336,0.0,0.9999999999999999,0.12363809743095756,1.4437131996479038e-17,1.0,0.18666847678522944,1.0,0.3572823517572677,0.0004777040990881888,1.0,0.14116015216326974,48,1,16.097224240662694,5757.0,1.0,30.488737102165384,6.564404687195093
FB15k237,0,ComplEx,random,0.1,10172,8737,24491,19248,0.5416887836348047,0.4624964272589931,0.3924094565350537,0.2487240210689641,0.3469339609146118,549.2210083007812,0.5412510390689942,0.46022963424771407,0.38902743142144636,0.242310889443059,539.174072265625,0.3424253463745117,0.02805333207542547,0.07217303107170636,0.0012903658351154027,2896.7836287021637,0.02805333207542547,0.07217303107170636,0.0012903658351154027,0.025337934494018555,0.02805333207542547,0.07217303107170636,0.0012903658351154027,1.4889018535614014,0.02805333207542547,0.07217303107170636,0.0012903658351154027,1.2387850284576416,True,0.8780114140293356,6.894174422612891e-05,31.864046880386073,13416.862599103757,0.3743733892961064,0.35672983727605667,30909.466646053963,7.729767334003248e-05,236,12937,180383,0.001077859168993126,15,0.016923697270625777,7,0.9987632372265595,0.9999279311243299,3,0,0,19,27.886372420190153,5442,"[1.0, 3.0, 6.0, 9.0, 13.0, 17.0, 22.0, 28.0, 35.0, 50.0, 5442.0]",13.943186210095076,"[0.0, 1.0, 2.0, 3.0, 5.0, 6.0, 9.0, 11.0, 15.0, 22.0, 4420.0]",13.943186210095076,"[0.0, 1.0, 3.0, 5.0, 7.0, 10.0, 13.0, 16.0, 20.0, 28.0, 1022.0]",0,4.103058884214886,-0.11309068762512559,7.717863492308881,0.0,15.0,"[0.0, 2.0, 8.0, 8.0, 8.0, 8.0, 8.0, 9.0, 9.0, 10.0, 15.0]",0.02909177074540485,39747226,3,0.0,37013,0.002241503973192533,0.0,1.0,0.10477697405060016,0.0,1.0,0.1646594022812719,1.0,0.3397928473159961,0.0,1.0,0.16098719782438706,42,1,14.736337636237149,5442.0,1.0,27.886372420190153,6.550707916030351
FB15k237,0,ComplEx,random,0.15,9424,8737,21757,19248,0.5481454244610929,0.46442524245070554,0.39486142390954637,0.2500574527738199,0.34938469529151917,511.94866943359375,0.5479270573566085,0.4622298420615129,0.3928200332502078,0.24755818786367415,509.1118469238281,0.34736374020576477,0.021681393301489653,0.0684147394539707,0.0010640639570925917,2530.9998695850372,0.021681393301489653,0.0684147394539707,0.0010640639570925917,0.01566600799560547,0.021681393301489653,0.0684147394539707,0.0010640639570925917,1.2276501655578613,0.021681393301489653,0.0684147394539707,0.0010640639570925917,1.0790882110595703,True,0.8273605454312143,6.894174422612891e-05,31.864046880386073,13416.862599103757,0.3743733892961064,0.34951469038656646,29437.674378538148,8.204118467470669e-05,236,12189,160459,0.0010800989868492584,18,0.017749719517041157,10,0.9981950939371564,0.9998878218111792,3,0,0,19,26.328492903437525,5112,"[1.0, 3.0, 6.0, 9.0, 12.0, 16.0, 21.0, 26.0, 33.0, 47.0, 5112.0]",13.164246451718762,"[0.0, 1.0, 2.0, 3.0, 4.0, 6.0, 8.0, 11.0, 15.0, 21.0, 4144.0]",13.164246451718762,"[0.0, 1.0, 3.0, 4.0, 6.0, 9.0, 12.0, 15.0, 19.0, 27.0, 968.0]",0,4.168734791703682,-0.10789163148817552,8.159488063007629,0.0,18.0,"[0.0, 2.0, 8.0, 9.0, 9.0, 9.0, 9.0, 9.0, 9.0, 10.0, 18.0]",0.030779088824254022,31787965,3,0.0,33145,0.0022260366829467888,0.0,1.0,0.1017563518169505,3.469793886914928e-17,0.9999999999999999,0.14711359404096835,1.0,0.33305791316714456,0.0,1.0,0.1691918521034517,42,1,13.972188038395274,5112.0,1.0,26.328492903437525,6.551705677551755
FB15k237,0,ComplEx,random,0.2,8737,8737,19248,19248,0.5556940980881131,0.47459476309226933,0.40391209476309226,0.2552213216957606,0.3559456169605255,553.7853393554688,0.5556940980881131,0.47459476309226933,0.40391209476309226,0.2552213216957606,553.7853393554688,0.3559456169605255,0.01589833076643222,0.05881648705315001,0.001031314766028795,2338.9928069114685,0.01589833076643222,0.05881648705315001,0.001031314766028795,0.01867961883544922,0.01589833076643222,0.05881648705315001,0.001031314766028795,1.051419734954834,0.01589833076643222,0.05881648705315001,0.001031314766028795,0.9235765933990479,True,0.7792399812414947,6.894174422612891e-05,31.864046880386073,13416.862599103757,0.3743733892961064,0.34894061516928276,27632.735514834163,8.726003490401394e-05,236,11460,141958,0.0010810070717256317,18,0.01770699473098872,9,0.9981675392670157,0.9998802462700235,3,0,0,18,24.774520069808027,4804,"[1.0, 3.0, 6.0, 8.0, 12.0, 15.0, 20.0, 24.0, 31.0, 44.0, 4804.0]",12.387260034904013,"[0.0, 1.0, 2.0, 3.0, 4.0, 6.0, 8.0, 10.0, 14.0, 20.0, 3899.0]",12.387260034904013,"[0.0, 1.0, 2.0, 4.0, 6.0, 8.0, 11.0, 14.0, 17.0, 25.0, 905.0]",0,4.196346125430781,-0.1091294219862772,8.30671902268761,0.0,18.0,"[0.0, 1.0, 8.0, 9.0, 9.0, 9.0, 9.0, 9.0, 10.0, 10.0, 18.0]",0.03276068809592821,27202977,3,0.0,29029,0.0022253071792067316,0.0,1.0,0.10770706774508818,0.0,0.9999999999999999,0.14532010316482233,1.0,0.3324472038638069,0.0007057408978857566,1.0030864197530867,0.17532956704618632,39,1,13.148865619546248,4804.0,1.0,24.774520069808027,6.549526687970772
FB15k,0,ComplEx,random,0.01,13324,10452,58361,38573,0.7328095817412313,0.6511283219958534,0.5849454258837237,0.4228594438066517,0.5280752182006836,169.46258544921875,0.7209058149482799,0.6354574443263422,0.5647343997096415,0.39084333601223653,170.1710968017578,0.5034288167953491,0.07241850265975575,0.5767012063605925,0.004558266923380576,10527.75663638115,0.07241850265975575,0.5767012063605925,0.004558266923380576,0.01689457893371582,0.07241850265975575,0.5767012063605925,0.004558266923380576,6.713860034942627,0.07241850265975575,0.5767012063605925,0.004558266923380576,6.141912937164307,True,0.9925594700178255,6.68851581833991e-05,51.97364724767574,13227.494415089295,0.38346699778809296,0.3835419335526267,30176.090270270262,6.756756756756756e-05,1345,14800,383106,0.0017491411947118413,9,0.01708429377663295,9,0.9987837837837837,0.999945184883557,3,0,0,24,51.77108108108108,7410,"[1.0, 7.0, 12.0, 17.0, 24.600000000000364, 33.0, 42.0, 52.0, 63.0, 88.0, 7410.0]",25.88554054054054,"[0.0, 3.0, 5.0, 8.0, 11.0, 15.0, 19.0, 24.0, 29.0, 43.0, 5959.0]",25.88554054054054,"[0.0, 3.0, 6.0, 9.0, 13.0, 18.0, 22.0, 27.0, 34.0, 47.0, 3442.0]",0,3.0707012447942703,-0.0991353105167669,5.972027027027027,0.0,9.0,"[0.0, 5.0, 6.0, 6.0, 6.0, 6.0, 6.0, 6.0, 6.0, 7.0, 9.0]",0.01759290650949765,80892685,3,0.0,163499,0.0038502310871718517,0.0,1.0,0.09702419896979972,5.5751662284264524e-18,0.9999999999999999,0.1697482658826772,1.0,0.3677162365778437,0.0,1.0,0.12515701570373805,64,1,27.029797297297296,7410.0,1.0,51.77108108108108,7.627701078042597
FB15k,0,ComplEx,random,0.03,13012,10452,56259,38573,0.7336692795819335,0.6517001724168577,0.586039567002613,0.42394994578645195,0.5293740630149841,177.03802490234375,0.725092681409276,0.6391258133927877,0.5692971767816867,0.3981800741451274,178.1461944580078,0.5091447234153748,0.03135818007957955,0.5435664276305658,0.004424708098775886,10077.701165437698,0.03135818007957955,0.5435664276305658,0.004424708098775886,0.015768051147460938,0.03135818007957955,0.5435664276305658,0.004424708098775886,6.456669092178345,0.03135818007957955,0.5435664276305658,0.004424708098775886,5.981961727142334,True,0.9735704480027785,6.68851581833991e-05,51.97364724767574,13227.494415089295,0.38346699778809296,0.38360666487452316,29571.623447419217,6.900358818658572e-05,1339,14492,368926,0.001756760594529316,8,0.016957827854328016,9,0.9987579354126415,0.9999430780156454,3,0,0,24,50.91443555064863,7264,"[1.0, 7.0, 11.0, 17.0, 24.0, 32.0, 41.0, 51.0, 62.0, 87.0, 7264.0]",25.457217775324317,"[0.0, 3.0, 5.0, 8.0, 11.0, 15.0, 19.0, 23.0, 29.0, 42.0, 5838.0]",25.457217775324317,"[0.0, 3.0, 6.0, 9.0, 13.0, 17.0, 22.0, 27.0, 33.0, 46.0, 3373.0]",0,3.072457737120212,-0.10036621669223857,5.813345293955286,0.0,8.0,"[0.0, 5.0, 5.0, 6.0, 6.0, 6.0, 6.0, 6.0, 6.0, 6.0, 8.0]",0.01793297543814307,77389036,3,0.0,157185,0.003870681422844133,0.0,1.0,0.09815989536784153,1.252890782299303e-18,0.9999999999999999,0.1894446116994123,1.0,0.36784840059578444,0.0,1.0,0.12689283508922583,64,1,26.576869997239857,7264.0,1.0,50.91443555064863,7.621478334531012
FB15k,0,ComplEx,random,0.05,12700,10452,53777,38573,0.7387730814288637,0.6578834817858936,0.5919445115941759,0.43100210127005967,0.5352804064750671,180.19851684570312,0.7266611360277915,0.6416016384517668,0.572472973323309,0.40204287973452935,190.00674438476562,0.512457013130188,0.02567983885329909,0.5323037138981874,0.00435253839089921,9705.654633760452,0.02567983885329909,0.5323037138981874,0.00435253839089921,0.020731687545776367,0.02567983885329909,0.5323037138981874,0.00435253839089921,6.29220175743103,0.02567983885329909,0.5323037138981874,0.00435253839089921,6.1668009757995605,True,0.9507971363803904,6.68851581833991e-05,51.97364724767574,13227.494415089295,0.38346699778809296,0.38292941659956464,29155.311874206694,7.051191651389087e-05,1329,14182,351505,0.001747781624301192,8,0.01702467235108324,9,0.99873078550275,0.99994025689535,3,0,0,24,49.570582428430406,7120,"[1.0, 7.0, 11.0, 16.0, 23.0, 31.0, 41.0, 50.0, 60.0, 85.0, 7120.0]",24.785291214215203,"[0.0, 3.0, 5.0, 8.0, 11.0, 14.0, 18.0, 23.0, 28.0, 41.0, 5726.0]",24.785291214215203,"[0.0, 3.0, 6.0, 9.0, 12.0, 17.0, 21.0, 26.0, 32.0, 45.0, 3311.0]",0,3.0892493380255845,-0.09578132170708227,5.846213510083204,0.0,8.0,"[0.0, 5.0, 5.0, 6.0, 6.0, 6.0, 6.0, 6.0, 6.0, 6.0, 8.0]",0.018508138695729544,70817115,3,0.0,149798,0.003743374772419176,0.0,1.0,0.10232474585282737,0.0,1.0,0.18933732604307313,1.0,0.3671932271438421,0.0,1.0,0.12905392624417744,62,1,25.89782823297137,7120.0,1.0,49.570582428430406,7.638168216460146
FB15k,0,ComplEx,random,0.1,11923,10452,48379,38573,0.7444552388432998,0.6645548688480539,0.599619669691395,0.43745220033485605,0.5415217280387878,194.59066772460938,0.7397661576750577,0.6548362844476706,0.5860576050605346,0.41357944676328,193.05059814453125,0.524121880531311,0.03966747158728521,0.4876799320880778,0.003818804548944372,8699.233362436295,0.03966747158728521,0.4876799320880778,0.003818804548944372,0.016422510147094727,0.03966747158728521,0.4876799320880778,0.003818804548944372,5.455984115600586,0.03966747158728521,0.4876799320880778,0.003818804548944372,5.55201530456543,True,0.9015673239779283,6.68851581833991e-05,51.97364724767574,13227.494415089295,0.38346699778809296,0.3810842694374745,27852.223845007433,7.451564828614008e-05,1297,13420,315900,0.001754191317802493,8,0.016483566456605283,9,0.9986587183308495,0.9999335232668566,3,0,0,22,47.07898658718331,6741,"[1.0, 7.0, 11.0, 16.0, 22.0, 30.0, 38.0, 47.0, 57.0, 81.0, 6741.0]",23.539493293591654,"[0.0, 3.0, 5.0, 7.0, 10.0, 14.0, 17.0, 21.0, 27.0, 39.0, 5417.0]",23.539493293591654,"[0.0, 3.0, 6.0, 8.0, 12.0, 16.0, 20.0, 25.0, 31.0, 43.0, 3131.0]",0,3.110506781292617,-0.09589297860724269,5.8431445603576755,0.0,8.0,"[0.0, 5.0, 5.0, 6.0, 6.0, 6.0, 6.0, 6.0, 6.0, 6.0, 8.0]",0.01958503156653439,61329952,3,0.0,134494,0.003670543123530949,0.0,0.9999999999999999,0.1067347612878871,0.0,1.0,0.18915943256404827,1.0,0.3653190194318589,0.0,1.0,0.1343591534177706,61,1,24.645901639344263,6741.0,1.0,47.07898658718331,7.637896113204713
FB15k,0,ComplEx,random,0.15,11187,10452,42782,38573,0.7553644055911365,0.6809288953298116,0.6156327427422748,0.45515637417605537,0.5577690005302429,207.6165008544922,0.7500972182614782,0.6730744303009878,0.6031939439504317,0.44177274259196847,204.92718505859375,0.5464349985122681,0.01304930225554456,0.4195986451230951,0.003229271851215486,7778.425231456757,0.01304930225554456,0.4195986451230951,0.003229271851215486,0.016530752182006836,0.01304930225554456,0.4195986451230951,0.003229271851215486,4.763843774795532,0.01304930225554456,0.4195986451230951,0.003229271851215486,6.0809326171875,True,0.8477816911680774,6.68851581833991e-05,51.97364724767574,13227.494415089295,0.38346699778809296,0.37645461761754556,27292.04266076792,7.900142202559646e-05,1287,12658,278938,0.0017410522759718596,9,0.01705561647396742,8,0.9987359772475904,0.9999318845048003,3,0,0,21,44.07299731395165,6351,"[1.0, 6.0, 10.0, 15.0, 21.0, 28.0, 36.0, 44.0, 54.0, 76.0, 6351.0]",22.036498656975827,"[0.0, 3.0, 5.0, 7.0, 10.0, 13.0, 16.0, 20.0, 25.0, 36.0, 5107.0]",22.036498656975827,"[0.0, 3.0, 5.0, 8.0, 11.0, 15.0, 19.0, 23.0, 29.0, 40.0, 2953.0]",0,3.196527473757753,-0.08938617444740381,6.002765049770896,0.0,9.0,"[0.0, 6.0, 6.0, 6.0, 6.0, 6.0, 6.0, 6.0, 6.0, 7.0, 9.0]",0.021027680646553738,50039543,3,0.0,118252,0.0035233150254743713,0.0,1.0,0.10387483677190237,0.0,1.0,0.18796467019568192,1.0,0.3603319741589914,0.0,1.0,0.1409605040176476,55,1,23.08374150734713,6351.0,1.0,44.07299731395165,7.644910163851159
FB15k,0,ComplEx,random,0.2,10452,10452,38573,38573,0.7563191869960854,0.6818888860083478,0.6186192414383118,0.45836465921758746,0.5600509643554688,221.58187866210938,0.7563191869960854,0.6818888860083478,0.6186192414383118,0.45836465921758746,221.58187866210938,0.5600509643554688,0.04671430471835832,0.381902228854873,0.00287774810976473,6986.185438156128,0.04671430471835832,0.381902228854873,0.00287774810976473,0.02176833152770996,0.04671430471835832,0.381902228854873,0.00287774810976473,4.36583399772644,0.04671430471835832,0.381902228854873,0.00287774810976473,4.059688568115234,True,0.8031302464823893,6.68851581833991e-05,51.97364724767574,13227.494415089295,0.38346699778809296,0.3766216464040618,25714.616574214142,8.404773911581779e-05,1276,11898,250671,0.0017708944113559015,9,0.01700574694608348,9,0.9984871406959153,0.9999202141452342,3,0,0,21,42.13666162380232,6006,"[1.0, 6.0, 10.0, 14.0, 20.0, 26.5, 34.0, 42.0, 52.0, 72.0, 6006.0]",21.06833081190116,"[0.0, 3.0, 4.0, 7.0, 9.0, 12.0, 15.0, 19.0, 24.0, 35.0, 4839.0]",21.06833081190116,"[0.0, 3.0, 5.0, 8.0, 11.0, 14.0, 18.0, 22.0, 27.0, 39.0, 2780.0]",0,3.2043942876344444,-0.09089154842910065,6.008320726172466,0.0,9.0,"[0.0, 6.0, 6.0, 6.0, 6.0, 6.0, 6.0, 6.0, 6.0, 7.0, 9.0]",0.02218907039481856,43980512,3,0.0,105919,0.003548903669987395,0.0,0.9999999999999999,0.10686061800971212,0.0,1.0,0.18791426085580953,1.0,0.3607731852034828,0.0,1.0,0.14569257310922937,54,1,22.105648008068584,6006.0,1.0,42.13666162380232,7.6443323852068215
Kinships,0,ComplEx,random,0.01,103,83,1052,700,0.970532319391635,0.935361216730038,0.8868821292775665,0.6801330798479087,0.7903395891189575,2.550380229949951,0.97,0.9371428571428572,0.8892857142857142,0.6464285714285715,2.671428680419922,0.7734386920928955,0.005880466724925169,0.003378531869490331,6.197207608463544e-05,161.2899730205536,0.005880466724925169,0.003378531869490331,6.197207608463544e-05,0.02083110809326172,0.005880466724925169,0.003378531869490331,6.197207608463544e-05,0.11899137496948242,0.005880466724925169,0.003378531869490331,6.197207608463544e-05,0.06997227668762207,True,0.9904545048803822,0.009615384615384612,164.3846153846154,2.173076923076923,0.9789021657953696,0.9789644012944982,20.59223300970874,0.009708737864077669,25,103,8385,0.7981153626499143,2,0.957962325074099,1,1.0,1.0,3,67,67,51,162.81553398058253,177,"[147.0, 155.2, 157.4, 160.0, 161.0, 163.0, 164.0, 166.0, 168.0, 170.8, 177.0]",81.40776699029126,"[67.0, 76.0, 78.0, 79.0, 81.0, 82.0, 82.20000000000002, 84.0, 85.0, 87.0, 92.0]",81.40776699029126,"[70.0, 77.0, 78.4, 80.0, 80.0, 81.0, 82.0, 83.0, 85.0, 86.0, 92.0]",2,1.2018846373500858,-0.001550626183107411,2.0,2.0,2.0,"[2.0, 2.0, 2.0, 2.0, 2.0, 2.0, 2.0, 2.0, 2.0, 2.0, 2.0]",-0.7771890974804141,175927,3,67.0,3942,0.8857022970034344,0.7287704609851776,1.0,0.8800837000092211,0.7611268481830183,1.0,0.9107142857142857,1.0,0.9599736038521304,0.03938032275796976,0.03996467959512742,0.039623222787815986,147,147,147.0,177.0,147.0,162.81553398058253,4.235125672119365
Kinships,0,ComplEx,random,0.05,99,83,968,700,0.9726239669421488,0.9473140495867769,0.8966942148760331,0.7153925619834711,0.8132454752922058,2.485020637512207,0.9714285714285714,0.9514285714285714,0.8942857142857142,0.6707142857142857,2.5642857551574707,0.7886227965354919,0.005705869576080897,0.0030747460709079633,6.201562343682099e-05,151.73652338981628,0.005705869576080897,0.0030747460709079633,6.201562343682099e-05,0.0187985897064209,0.005705869576080897,0.0030747460709079633,6.201562343682099e-05,0.11618185043334961,0.005705869576080897,0.0030747460709079633,6.201562343682099e-05,0.06997370719909668,True,0.9515721414227204,0.009615384615384612,164.3846153846154,2.173076923076923,0.9789021657953696,0.9788703360131931,19.878787878787875,0.0101010101010101,25,99,7734,0.7971552257266543,2,0.957730162554911,1,1.0,1.0,3,63,63,49,156.24242424242425,169,"[141.0, 149.0, 151.0, 153.0, 155.0, 156.0, 158.0, 159.60000000000002, 161.4, 163.2, 169.0]",78.12121212121212,"[63.0, 72.0, 75.0, 76.0, 77.2, 78.0, 79.0, 80.0, 82.0, 83.2, 89.0]",78.12121212121212,"[67.0, 74.0, 75.0, 76.4, 77.0, 78.0, 79.0, 80.60000000000001, 82.0, 83.0, 88.0]",2,1.2028447742733457,-0.0024268932475621304,2.0,2.0,2.0,"[2.0, 2.0, 2.0, 2.0, 2.0, 2.0, 2.0, 2.0, 2.0, 2.0, 2.0]",-0.7755013788644165,156032,3,63.0,3638,0.8782057361014945,0.7086920573109307,1.0,0.8829265147936471,0.7536576318327655,1.0,0.9158878504672897,1.0,0.9598001928941707,0.04098920899313431,0.04159160393133531,0.041225904075212844,141,141,141.0,169.0,141.0,156.24242424242425,4.226476943538681
Kinships,0,ComplEx,random,0.1,94,83,865,700,0.9763005780346821,0.9439306358381503,0.9109826589595376,0.7323699421965318,0.8270931839942932,2.3057804107666016,0.9757142857142858,0.9414285714285714,0.9021428571428571,0.6928571428571428,2.3607141971588135,0.8045507669448853,0.005181495414081905,0.003251630656862403,6.107112935527908e-05,149.3861105442047,0.005181495414081905,0.003251630656862403,6.107112935527908e-05,0.020163774490356445,0.005181495414081905,0.003251630656862403,6.107112935527908e-05,0.1172947883605957,0.005181495414081905,0.003251630656862403,6.107112935527908e-05,0.06659579277038574,True,0.9038903156936972,0.009615384615384612,164.3846153846154,2.173076923076923,0.9789021657953696,0.9788377945550216,18.829787234042552,0.010638297872340425,25,94,6972,0.7975291695264242,2,0.9576406532591101,1,1.0,1.0,3,60,60,47,148.3404255319149,162,"[133.0, 142.0, 144.0, 145.0, 147.0, 148.0, 149.0, 151.0, 153.0, 155.0, 162.0]",74.17021276595744,"[60.0, 69.0, 71.0, 72.0, 74.0, 74.0, 75.0, 77.0, 77.0, 79.0, 85.0]",74.17021276595744,"[64.0, 70.0, 71.0, 72.0, 73.0, 74.0, 75.0, 76.0, 77.4, 79.0, 83.0]",2,1.2024708304735758,-0.002777515265892531,2.0,2.0,2.0,"[2.0, 2.0, 2.0, 2.0, 2.0, 2.0, 2.0, 2.0, 2.0, 2.0, 2.0]",-0.7745122138887627,133347,3,60.0,3270,0.8745274034877459,0.7080077593802375,1.0,0.8885017861658413,0.7681169505234245,1.0,0.9207920792079208,1.0,0.9597447105503186,0.043103937512935266,0.04380717595668365,0.04341181544715691,134,133,133.95744680851064,162.0,133.0,148.3404255319149,4.221945196071159
Kinships,0,ComplEx,random,0.15,88,83,776,700,0.9800257731958762,0.9555412371134021,0.9162371134020618,0.7351804123711341,0.8314720392227173,2.34213924407959,0.9807142857142858,0.955,0.9114285714285715,0.7121428571428572,2.317142963409424,0.8185738921165466,0.004541962661622774,0.0029801712730161967,5.5568074080960625e-05,136.02598309516907,0.004541962661622774,0.0029801712730161967,5.5568074080960625e-05,0.01796555519104004,0.004541962661622774,0.0029801712730161967,5.5568074080960625e-05,0.104827880859375,0.004541962661622774,0.0029801712730161967,5.5568074080960625e-05,0.0625455379486084,True,0.8452618258466653,0.009615384615384612,164.3846153846154,2.173076923076923,0.9789021657953696,0.9783176593521421,17.75,0.011363636363636362,25,88,6094,0.7959770114942529,2,0.956571963473048,1,1.0,1.0,3,55,55,43,138.5,151,"[124.0, 131.0, 134.0, 136.0, 137.0, 138.0, 139.20000000000002, 141.0, 142.60000000000002, 146.3, 151.0]",69.25,"[55.0, 63.7, 66.0, 68.0, 68.80000000000001, 70.0, 71.0, 71.0, 73.0, 74.3, 80.0]",69.25,"[60.0, 65.7, 67.0, 67.0, 68.0, 69.0, 70.0, 71.0, 72.0, 73.3, 77.0]",2,1.2040229885057472,-0.002909259645947293,2.0,2.0,2.0,"[2.0, 2.0, 2.0, 2.0, 2.0, 2.0, 2.0, 2.0, 2.0, 2.0, 2.0]",-0.7714476568464608,109141,3,55.0,2850,0.8677422988352028,0.6906041430145936,1.0,0.8942921049528809,0.7770689871353947,0.9999999999999999,0.9157894736842105,1.0,0.9588085696917813,0.04605217196014644,0.046865475296417956,0.046379072780586686,125,124,124.98863636363636,151.0,124.0,138.5,4.23219762812219
WN18RR,0,ComplEx,random,0.01,12277,8558,9075,6013,0.4866666666666667,0.4418732782369146,0.4109090909090909,0.3403856749311295,0.39120590686798096,3131.2099609375,0.4805421586562448,0.4343089971727923,0.4037917844669882,0.3258772659238317,3268.3359375,0.3803784847259522,0.012890837568772913,0.10014568372759669,0.0008285344479344091,2000.1871950626373,0.012890837568772913,0.10014568372759669,0.0008285344479344091,0.01857137680053711,0.012890837568772913,0.10014568372759669,0.0008285344479344091,1.9557905197143555,0.012890837568772913,0.10014568372759669,0.0008285344479344091,2.360752582550049,True,0.9889690157955029,2.465544022288518e-05,3.648955842106561,150239.13851426326,0.12255892611925581,0.12155338078677555,163893.4592435398,2.4965672200724004e-05,11,40055,72511,4.5196131645945425e-05,59,0.006862716809914196,137,0.9914617401073524,0.9951041910882487,3,0,0,4,3.6205717138933964,509,"[1.0, 1.0, 1.0, 2.0, 2.0, 2.0, 3.0, 4.0, 5.0, 7.0, 509.0]",1.8102858569466982,"[0.0, 0.0, 0.0, 0.0, 1.0, 1.0, 1.0, 2.0, 2.0, 4.0, 504.0]",1.8102858569466982,"[0.0, 1.0, 1.0, 1.0, 1.0, 1.0, 2.0, 2.0, 2.0, 3.0, 337.0]",0,18.401535392301245,-0.051875246093627446,42.61690176007989,0.0,59.0,"[0.0, 40.0, 41.0, 43.0, 44.0, 45.0, 45.0, 47.0, 48.0, 49.0, 59.0]",0.006974717662905826,1103962,3,0.0,12014,3.1544308739142624e-05,0.0,1.0,0.010900950991845498,0.0,0.9999999999999999,0.06535663737204174,1.0,0.12448844594370283,0.0019723561357258912,1.2569444444444442,0.5691950800423933,6,1,2.1339158656846835,509.0,1.0,3.6205717138933964,2.1482660467127426
WN18RR,0,ComplEx,random,0.03,11861,8558,8726,6013,0.47925739170295667,0.43760027504011,0.40963786385514556,0.3402475360990144,0.3893072307109833,3652.45703125,0.4720605355064028,0.4307334109429569,0.4020455679361384,0.32712456344586727,3827.171875,0.3788084089756012,0.010591108238157586,0.09808669346929122,0.0008038215114688671,1943.199375629425,0.010591108238157586,0.09808669346929122,0.0008038215114688671,0.01582503318786621,0.010591108238157586,0.09808669346929122,0.0008038215114688671,1.8675434589385986,0.010591108238157586,0.09808669346929122,0.0008038215114688671,2.3430516719818115,True,0.9667869388242054,2.465544022288518e-05,3.648955842106561,150239.13851426326,0.12255892611925581,0.12010468579731848,153923.78499833425,2.56351098464457e-05,11,39009,69711,4.581237547440463e-05,59,0.006826000070185355,170,0.989130713425107,0.9940898853839423,3,0,0,4,3.5740982850111513,494,"[1.0, 1.0, 1.0, 2.0, 2.0, 2.0, 3.0, 3.0, 5.0, 7.0, 494.0]",1.7870491425055757,"[0.0, 0.0, 0.0, 0.0, 1.0, 1.0, 1.0, 2.0, 2.0, 4.0, 489.0]",1.7870491425055757,"[0.0, 1.0, 1.0, 1.0, 1.0, 1.0, 2.0, 2.0, 2.0, 3.0, 330.0]",0,18.60965602369022,-0.05247206931722106,41.963111076930964,0.0,59.0,"[0.0, 38.0, 41.0, 43.0, 44.0, 45.0, 45.0, 47.0, 48.0, 49.0, 59.0]",0.0070408908461536265,1049553,3,0.0,11497,3.2263078267458886e-05,0.0,1.0,0.010896538228034528,0.0,1.0,0.06521808946696754,1.0,0.12526481311424173,0.0020324870101132778,1.2569444444444442,0.5750197809017129,6,1,2.112051065138814,494.0,1.0,3.5740982850111513,2.149326233483406
WN18RR,0,ComplEx,random,0.05,11421,8558,8351,6013,0.47928391809364146,0.4358759430008382,0.40558017003951624,0.3364267752364986,0.38625138998031616,3662.136962890625,0.4735572925328455,0.42956926658905703,0.39930151338766007,0.3258772659238317,3812.9052734375,0.37775906920433044,0.07103767446926076,0.09459908651254523,0.0007434156355334482,1907.6178724765778,0.07103767446926076,0.09459908651254523,0.0007434156355334482,0.019548416137695312,0.07103767446926076,0.09459908651254523,0.0007434156355334482,1.9304633140563965,0.07103767446926076,0.09459908651254523,0.0007434156355334482,2.2708017826080322,True,0.9452947258920081,2.465544022288518e-05,3.648955842106561,150239.13851426326,0.12255892611925581,0.11822923241547183,148353.7601999215,2.630540576088386e-05,11,38015,66905,4.6297763256482736e-05,61,0.0068169549135259425,210,0.9864264106273839,0.992975113967566,3,0,0,4,3.5199263448638693,485,"[1.0, 1.0, 1.0, 2.0, 2.0, 2.0, 3.0, 3.0, 4.0, 6.0, 485.0]",1.7599631724319347,"[0.0, 0.0, 0.0, 0.0, 1.0, 1.0, 1.0, 2.0, 2.0, 4.0, 480.0]",1.7599631724319347,"[0.0, 1.0, 1.0, 1.0, 1.0, 1.0, 2.0, 2.0, 2.0, 3.0, 324.0]",0,19.181252001788184,-0.052963650282828074,41.79702748914902,0.0,61.0,"[0.0, 39.0, 42.0, 43.0, 44.0, 45.0, 46.0, 47.0, 48.0, 49.0, 61.0]",0.007203110433645701,995754,3,0.0,11010,2.7607237218208857e-05,0.0,1.0,0.012319852386591466,0.0,1.0,0.05820519745808226,1.0,0.1261500198389033,0.0020703581677117737,1.2569444444444442,0.5828347445026746,6,1,2.0827831119295017,485.0,1.0,3.5199263448638693,2.146096624795672
WN18RR,0,ComplEx,random,0.1,10418,8558,7535,6013,0.46755142667551425,0.42733908427339085,0.39721300597213005,0.33417385534173855,0.3801373243331909,4341.451171875,0.4580908032596042,0.41834358889073675,0.38865790786628973,0.32255113919840345,4576.0693359375,0.3697228729724884,0.03394726879445996,0.09246409174899384,0.0007485055946547061,1811.8477368354797,0.03394726879445996,0.09246409174899384,0.0007485055946547061,0.020004987716674805,0.03394726879445996,0.09246409174899384,0.0007485055946547061,1.7264378070831299,0.03394726879445996,0.09246409174899384,0.0007485055946547061,3.006099224090576,True,0.888140883226606,2.465544022288518e-05,3.648955842106561,150239.13851426326,0.12255892611925581,0.1140163841023286,118755.74880740709,2.8227058458238063e-05,11,35427,59983,4.77938137949668e-05,63,0.0068612932879564435,290,0.9797611990854433,0.98946368137639,3,0,0,4,3.386287295000988,460,"[1.0, 1.0, 1.0, 2.0, 2.0, 2.0, 3.0, 3.0, 4.0, 6.0, 460.0]",1.693143647500494,"[0.0, 0.0, 0.0, 0.0, 1.0, 1.0, 1.0, 1.0, 2.0, 3.0, 455.0]",1.693143647500494,"[0.0, 1.0, 1.0, 1.0, 1.0, 1.0, 2.0, 2.0, 2.0, 3.0, 303.0]",0,20.18012426825729,-0.05338520804807983,37.91198803172721,0.0,63.0,"[0.0, 2.0, 39.0, 41.0, 42.0, 43.0, 44.0, 46.0, 48.0, 50.0, 63.0]",0.007621427662668069,854367,3,0.0,9757,2.9698872337202584e-05,0.0,1.0,0.012514595497749654,0.0,1.0,0.06141837897523375,1.0,0.1286571111981008,0.0021833648393194795,1.2569444444444442,0.6014843592142283,6,1,2.0134925339430376,460.0,1.0,3.386287295000988,2.149876283363029
WN18RR,0,ComplEx,random,0.15,9455,8558,6753,6013,0.4572782467051681,0.41899896342366355,0.39167777284169997,0.32644750481267587,0.3722728192806244,5388.9921875,0.4537668385165475,0.41584899384666557,0.387161150839847,0.3217196075170464,5438.62158203125,0.3681827783584595,0.05692757563924629,0.0770042879922741,0.0006362708150434178,1543.880453824997,0.05692757563924629,0.0770042879922741,0.0006362708150434178,0.01579141616821289,0.05692757563924629,0.0770042879922741,0.0006362708150434178,1.4848451614379883,0.05692757563924629,0.0770042879922741,0.0006362708150434178,2.782820463180542,True,0.8352673483321195,2.465544022288518e-05,3.648955842106561,150239.13851426326,0.12255892611925581,0.10893991313110396,94799.45834469784,3.030578537442798e-05,11,32997,53821,4.943289109701443e-05,66,0.006599841667451257,394,0.9691487104888323,0.9837238252726631,3,0,0,4,3.2621753492741763,436,"[1.0, 1.0, 1.0, 2.0, 2.0, 2.0, 3.0, 3.0, 4.0, 6.0, 436.0]",1.6310876746370881,"[0.0, 0.0, 0.0, 0.0, 1.0, 1.0, 1.0, 1.0, 2.0, 3.0, 432.0]",1.6310876746370881,"[0.0, 1.0, 1.0, 1.0, 1.0, 1.0, 1.0, 2.0, 2.0, 3.0, 283.0]",0,21.128912305592745,-0.05403335242991078,36.568778979907265,0.0,66.0,"[0.0, 1.0, 4.0, 41.0, 43.0, 44.0, 45.0, 47.0, 49.0, 50.0, 66.0]",0.00805194398717802,750791,3,0.0,8692,3.1607329483573865e-05,0.0,0.9999999999999999,0.01279706778673322,0.0,1.0,0.05111948768611503,1.0,0.1331639125275831,0.0,1.2569444444444442,0.6190620150494787,5,1,1.955117131860472,436.0,1.0,3.2621753492741763,2.148604951299466
WN18RR,0,ComplEx,random,0.2,8558,8558,6013,6013,0.44062863795110596,0.40470646931648097,0.3790952935306835,0.322966905039082,0.3639092743396759,6117.6337890625,0.44062863795110596,0.40470646931648097,0.3790952935306835,0.322966905039082,6117.6337890625,0.3639092743396759,0.0621827866589673,0.07408500343462165,0.0005921032671754855,1438.5827333927155,0.0621827866589673,0.07408500343462165,0.0005921032671754855,0.01654338836669922,0.0621827866589673,0.07408500343462165,0.0005921032671754855,1.4082551002502441,0.0621827866589673,0.07408500343462165,0.0005921032671754855,1.2163662910461426,True,0.782639447290985,2.465544022288518e-05,3.648955842106561,150239.13851426326,0.12255892611925581,0.1030331123515355,62693.13164963312,3.275681341719078e-05,11,30528,48119,5.1633803020991355e-05,68,0.0063390176672476406,500,0.9561386268343816,0.9756437166192149,3,0,0,4,3.152450209643606,415,"[1.0, 1.0, 1.0, 1.0, 2.0, 2.0, 3.0, 3.0, 4.0, 6.0, 415.0]",1.576225104821803,"[0.0, 0.0, 0.0, 0.0, 1.0, 1.0, 1.0, 1.0, 2.0, 3.0, 411.0]",1.576225104821803,"[0.0, 1.0, 1.0, 1.0, 1.0, 1.0, 1.0, 2.0, 2.0, 3.0, 270.0]",0,22.06734913105723,-0.054937236252338754,30.93294680293501,0.0,68.0,"[0.0, 1.0, 2.0, 5.0, 41.0, 43.0, 44.0, 46.0, 48.0, 52.0, 68.0]",0.008573353651797662,648453,3,0.0,7691,3.415318961174754e-05,0.0,1.0,0.013175873715986473,0.0,1.0,0.050437971214344096,1.0,0.13854848070902365,0.0,1.2569444444444442,0.6344715362559442,5,1,1.8973401467505242,415.0,1.0,3.152450209643606,2.1568242183594557
WN18,0,ComplEx,random,0.01,17510,12089,14800,9638,0.7891554054054054,0.7714527027027027,0.7522972972972973,0.6981418918918919,0.7301568984985352,3294.6259765625,0.7849657605312306,0.7626582278481012,0.7437227640589333,0.666061423531853,3307.101806640625,0.7098931074142456,0.009582507582666593,0.11742513227336104,0.000933719300557601,2321.9180245399475,0.009582507582666593,0.11742513227336104,0.000933719300557601,0.01540231704711914,0.009582507582666593,0.11742513227336104,0.000933719300557601,3.0884506702423096,0.009582507582666593,0.11742513227336104,0.000933719300557601,3.780662775039673,True,0.9892495082744626,2.442419949686149e-05,5.9088488874777125,135528.18369440423,0.13795118141000373,0.1365883093561277,282243.467944285,2.4696236293588854e-05,18,40492,118427,7.22308951505482e-05,24,0.00884161259440485,28,0.9985676182949719,0.9995186908390823,3,0,0,4,5.849402351081695,899,"[1.0, 2.0, 2.0, 3.0, 4.0, 4.0, 5.0, 6.0, 7.0, 10.0, 899.0]",2.9247011755408474,"[0.0, 1.0, 1.0, 1.0, 2.0, 2.0, 2.0, 3.0, 3.0, 5.0, 512.0]",2.9247011755408474,"[0.0, 1.0, 1.0, 2.0, 2.0, 2.0, 2.0, 3.0, 3.0, 5.0, 387.0]",0,8.67064767327573,-0.07913354625544433,17.389854786130595,0.0,24.0,"[0.0, 16.0, 16.0, 17.0, 17.0, 17.0, 18.0, 18.0, 19.0, 19.0, 24.0]",0.007519134498783335,1401838,3,0.0,49469,5.808463868059116e-05,0.0,1.0,0.01070511781970075,0.0,1.0,0.08083350493101774,1.0,0.13234646548821283,0.0020675549770416035,1.0987654320987654,0.5050852376718699,7,1,3.3452780796206656,899.0,1.0,5.849402351081695,2.9508039878135635
WN18,0,ComplEx,random,0.03,16920,12089,14200,9638,0.7904929577464789,0.7763028169014085,0.7574647887323943,0.7034507042253522,0.7351058125495911,3241.86474609375,0.7852251504461506,0.7683648059763436,0.7478211247146711,0.6714048557792073,3300.386474609375,0.7142961621284485,0.008172289422548527,0.1116486765410869,0.0008735651619988525,2235.8653972148895,0.008172289422548527,0.1116486765410869,0.0008735651619988525,0.017679452896118164,0.008172289422548527,0.1116486765410869,0.0008735651619988525,3.074850082397461,0.008172289422548527,0.1116486765410869,0.0008735651619988525,3.711106538772583,True,0.9685835295341321,2.442419949686149e-05,5.9088488874777125,135528.18369440423,0.13795118141000373,0.1351690864758008,275409.0930085494,2.5294683057621287e-05,18,39534,113898,7.287617461100725e-05,25,0.008764448719461467,46,0.997394647645065,0.9990956821015294,3,0,0,4,5.762027621793899,871,"[1.0, 2.0, 2.0, 3.0, 4.0, 4.0, 4.0, 5.0, 7.0, 10.0, 871.0]",2.8810138108969494,"[0.0, 1.0, 1.0, 1.0, 2.0, 2.0, 2.0, 3.0, 3.0, 5.0, 495.0]",2.8810138108969494,"[0.0, 1.0, 1.0, 2.0, 2.0, 2.0, 2.0, 3.0, 3.0, 5.0, 376.0]",0,8.754973611831595,-0.07984504033875657,17.84997723478525,0.0,25.0,"[0.0, 16.0, 17.0, 17.0, 18.0, 18.0, 18.0, 19.0, 19.0, 20.0, 25.0]",0.007574517074562753,1331222,3,0.0,47517,5.786422539283033e-05,0.0,1.0,0.01056750761481674,0.0,1.0,0.07504044152631079,1.0,0.13202898476603675,0.002136715521570805,1.1077097505668931,0.5125274294554606,7,1,3.3035867860575707,871.0,1.0,5.762027621793899,2.953684952918051
WN18,0,ComplEx,random,0.05,16303,12089,13577,9638,0.7919643514767621,0.7781174044339693,0.7625027620240112,0.7116078662443839,0.7410522699356078,3232.02880859375,0.7849138825482466,0.769402365636024,0.7509856816766964,0.6767482880265615,3330.40087890625,0.7178423404693604,0.005420932723131598,0.10891887713503223,0.0008958926857888226,2156.722771167755,0.005420932723131598,0.10891887713503223,0.0008958926857888226,0.015102624893188477,0.005420932723131598,0.10891887713503223,0.0008958926857888226,2.8251655101776123,0.005420932723131598,0.10891887713503223,0.0008958926857888226,3.6192820072174072,True,0.9462711107826984,2.442419949686149e-05,5.9088488874777125,135528.18369440423,0.13795118141000373,0.13307386923626247,270157.2361283965,2.592823065753993e-05,18,38568,109047,7.331127047768187e-05,25,0.008834765615614413,53,0.9968886123210952,0.99888121635625,3,0,0,4,5.654791537025513,858,"[1.0, 2.0, 2.0, 3.0, 3.0, 4.0, 4.0, 5.0, 7.0, 9.0, 858.0]",2.8273957685127566,"[0.0, 1.0, 1.0, 1.0, 2.0, 2.0, 2.0, 3.0, 3.0, 5.0, 487.0]",2.8273957685127566,"[0.0, 1.0, 1.0, 2.0, 2.0, 2.0, 2.0, 3.0, 3.0, 5.0, 371.0]",0,8.899430103321658,-0.07826473931043669,17.810516490354697,0.0,25.0,"[0.0, 16.0, 17.0, 17.0, 18.0, 18.0, 18.0, 19.0, 19.0, 20.0, 25.0]",0.007795070788457169,1241236,3,0.0,45435,5.670620988744579e-05,0.0,1.0,0.010637788771893935,0.0,1.0,0.07467568412731401,1.0,0.13037665662329154,0.002170711960921749,1.1388888888888888,0.5219439914597291,7,1,3.2472775357809582,858.0,1.0,5.654791537025513,2.951602323727699
WN18,0,ComplEx,random,0.1,14791,12089,12165,9638,0.789560213727908,0.7728318947801068,0.7566378956021372,0.7050965885737772,0.7352257966995238,3193.121337890625,0.7793629383689562,0.7615687902054368,0.7447084457356298,0.6781489935671301,3382.3076171875,0.7159072756767273,0.0017551761508064617,0.09795890392261697,0.0008152903940162946,1968.2975165843964,0.0017551761508064617,0.09795890392261697,0.0008152903940162946,0.016762733459472656,0.0017551761508064617,0.09795890392261697,0.0008152903940162946,2.6269829273223877,0.0017551761508064617,0.09795890392261697,0.0008152903940162946,3.4167683124542236,True,0.8884082956885049,2.442419949686149e-05,5.9088488874777125,135528.18369440423,0.13795118141000373,0.12924490893194768,249888.05251768618,2.774309890414759e-05,18,36045,97452,7.500889119983884e-05,26,0.009030377777501366,109,0.9924538770980719,0.9970036530804909,3,0,0,4,5.407240948813983,803,"[1.0, 2.0, 2.0, 3.0, 3.0, 4.0, 4.0, 5.0, 6.0, 9.0, 803.0]",2.7036204744069914,"[0.0, 1.0, 1.0, 1.0, 2.0, 2.0, 2.0, 3.0, 3.0, 5.0, 455.0]",2.7036204744069914,"[0.0, 1.0, 1.0, 1.0, 2.0, 2.0, 2.0, 3.0, 3.0, 4.0, 348.0]",0,9.100505790549402,-0.0763740552749424,17.358829241226246,0.0,26.0,"[0.0, 16.0, 17.0, 17.0, 17.0, 18.0, 18.0, 19.0, 19.0, 20.0, 26.0]",0.008165197266017206,1038847,3,0.0,40469,5.9673772606371095e-05,0.0,1.0,0.010663045046981347,0.0,1.0,0.06242637781465795,1.0,0.13075563230286072,0.002321617719355646,1.1844444444444442,0.5433673043043713,7,1,3.1266749895963377,803.0,1.0,5.407240948813983,2.9686710386803634
WN18,0,ComplEx,random,0.15,13392,12089,10831,9638,0.7918936386298587,0.7778598467362201,0.7617025205428861,0.7124457575477795,0.7406638860702515,3184.60595703125,0.7904129487445528,0.7757314795600747,0.7561734799750985,0.7029985474164765,3186.3740234375,0.7345236539840698,0.07001520037794882,0.0918335854112513,0.0007605817347233392,1830.6966264247894,0.07001520037794882,0.0918335854112513,0.0007605817347233392,0.017797231674194336,0.07001520037794882,0.0918335854112513,0.0007605817347233392,2.3806376457214355,0.07001520037794882,0.0918335854112513,0.0007605817347233392,3.281357765197754,True,0.8330498913418971,2.442419949686149e-05,5.9088488874777125,135528.18369440423,0.13795118141000373,0.1252039600115546,231135.7663297856,2.9812479503920336e-05,18,33543,87005,7.733095162001638e-05,26,0.008711713303616378,188,0.9850043228095281,0.9934256651916556,3,0,0,4,5.187669558477179,765,"[1.0, 2.0, 2.0, 3.0, 3.0, 4.0, 4.0, 5.0, 6.0, 9.0, 765.0]",2.5938347792385894,"[0.0, 1.0, 1.0, 1.0, 1.0, 2.0, 2.0, 2.0, 3.0, 5.0, 431.0]",2.5938347792385894,"[0.0, 1.0, 1.0, 1.0, 2.0, 2.0, 2.0, 3.0, 3.0, 4.0, 334.0]",0,9.310625858074495,-0.07720818527193511,17.320573592105657,0.0,26.0,"[0.0, 16.0, 17.0, 17.0, 18.0, 18.0, 18.0, 19.0, 19.0, 20.0, 26.0]",0.008715568581008548,894597,3,0.0,36007,6.216215412721959e-05,0.0,1.0,0.010827154736668603,0.0,1.0,0.06318658200734394,1.0,0.13348281515033308,0.0024452133794694293,1.1844444444444442,0.5631705254025318,7,1,3.0208985481322483,765.0,1.0,5.187669558477179,2.9646685126755186
WN18,0,ComplEx,random,0.2,12089,12089,9638,9638,0.7936293836895622,0.7825274953309815,0.7695579995849762,0.7265511516912222,0.751289427280426,3186.627197265625,0.7936293836895622,0.7825274953309815,0.7695579995849762,0.7265511516912222,3186.627197265625,0.751289427280426,0.05286015322558874,0.08033009926402457,0.0006645008898133398,1610.6837906837463,0.05286015322558874,0.08033009926402457,0.0006645008898133398,0.015464305877685547,0.05286015322558874,0.08033009926402457,0.0006645008898133398,2.084970474243164,0.05286015322558874,0.08033009926402457,0.0006645008898133398,1.925466537475586,True,0.7780756757893121,2.442419949686149e-05,5.9088488874777125,135528.18369440423,0.13795118141000373,0.12036317837713006,213231.88964029224,3.2203007760924874e-05,18,31053,77019,7.98738714008332e-05,32,0.00936838185501437,249,0.9786816088622677,0.9904049650086343,3,0,0,4,4.960486909477345,595,"[1.0, 2.0, 2.0, 2.0, 3.0, 4.0, 4.0, 5.0, 6.0, 8.0, 595.0]",2.4802434547386727,"[0.0, 1.0, 1.0, 1.0, 1.0, 2.0, 2.0, 2.0, 3.0, 4.0, 310.0]",2.4802434547386727,"[0.0, 1.0, 1.0, 1.0, 2.0, 2.0, 2.0, 2.0, 3.0, 4.0, 285.0]",0,9.603692346064577,-0.08296247242828853,17.30354555115448,0.0,32.0,"[0.0, 16.0, 17.0, 17.0, 18.0, 18.0, 19.0, 19.0, 20.0, 20.0, 32.0]",0.007645791445594521,691187,3,0.0,31722,8.33540101346737e-05,0.0,1.0,0.009876463149203325,0.0,1.0,0.06251555689039104,1.0,0.13473133322312256,0.0030938268708516872,1.2569444444444442,0.5844788367880694,7,1,2.9097027662383668,595.0,1.0,4.960486909477345,2.9536047380652835
YAGO310,0,ComplEx,random,0.01,72587,52336,107038,69540,0.25993572376165475,0.18356097834413945,0.13656365029241951,0.06359423756049254,0.12750984728336334,3566.805908203125,0.2546735691688237,0.17752372735116478,0.1300474547023296,0.05954127121081392,3517.44287109375,0.12274323403835297,0.06417059271059977,0.4571727357378954,0.003988984095977968,8524.953649044037,0.06417059271059977,0.4571727357378954,0.003988984095977968,0.01571202278137207,0.06417059271059977,0.4571727357378954,0.003988984095977968,15.17470908164978,0.06417059271059977,0.4571727357378954,0.003988984095977968,11.141966819763184,True,0.9910473247698,8.120640231275833e-06,11.271627295095945,153441.08374816246,0.31935770733172925,0.3192848703755791,35297.07324017588,8.205262855595576e-06,37,121873,682180,4.592905847799488e-05,38,0.00026248235108737973,34,0.999351784234408,0.9999047172300566,3,0,0,17,11.194932429660383,57625,"[1.0, 2.0, 3.0, 5.0, 6.0, 7.0, 8.0, 9.0, 11.0, 14.0, 57625.0]",5.597466214830192,"[0.0, 0.0, 0.0, 0.0, 0.0, 0.0, 0.0, 1.0, 3.0, 8.0, 57625.0]",5.597466214830192,"[0.0, 1.0, 1.0, 2.0, 3.0, 5.0, 6.0, 8.0, 9.0, 11.0, 205.0]",0,7.243824781589807,-0.06350776638186319,11.899387066864687,0.0,38.0,"[0.0, 1.0, 13.0, 13.0, 13.0, 14.0, 14.0, 14.0, 15.0, 15.0, 38.0]",0.08442628256386395,1771386235,3,0.0,16799,6.882044568354246e-05,0.0,1.0,0.4208190150042088,1.8714840732771558e-17,1.0,0.13421426147057916,1.0,0.2972572000825243,1.872160278285224e-05,1.0544444444444445,0.239747698964756,42,1,5.867928089076334,57625.0,1.0,11.194932429660383,2.934470650150722
YAGO310,0,ComplEx,random,0.03,70449,52336,102884,69540,0.26005987325531665,0.18096108238404415,0.13058881847517592,0.053851910889934296,0.12020225077867508,3679.199951171875,0.28803566292781135,0.21514236410698878,0.16683922922059247,0.08575639919470808,3621.06201171875,0.15226410329341888,0.03745820686320818,0.4372974453931988,0.003762924770099863,8152.532943487167,0.03745820686320818,0.4372974453931988,0.003762924770099863,0.05289578437805176,0.03745820686320818,0.4372974453931988,0.003762924770099863,13.442620754241943,0.03745820686320818,0.4372974453931988,0.003762924770099863,9.793882369995117,True,0.9709304205454053,8.120640231275833e-06,11.271627295095945,153441.08374816246,0.31935770733172925,0.3187979102848176,33385.453313101374,8.383354012273232e-06,37,119284,655430,4.606441588712761e-05,37,0.0002553325605935544,42,0.9991868146608095,0.9998840455883924,3,0,0,17,10.989403440528486,56441,"[1.0, 2.0, 3.0, 5.0, 6.0, 7.0, 8.0, 9.0, 11.0, 14.0, 56441.0]",5.494701720264243,"[0.0, 0.0, 0.0, 0.0, 0.0, 0.0, 0.0, 1.0, 3.0, 7.0, 56441.0]",5.494701720264243,"[0.0, 1.0, 1.0, 2.0, 3.0, 5.0, 6.0, 8.0, 9.0, 11.0, 201.0]",0,7.286158321529999,-0.06446359829186396,11.672487508802522,0.0,37.0,"[0.0, 1.0, 12.0, 13.0, 13.0, 14.0, 14.0, 14.0, 15.0, 15.0, 37.0]",0.08606726309062167,1697649533,3,0.0,15923,6.910364474448583e-05,0.0,1.0,0.42375240781356494,0.0,1.0,0.1341583389426811,1.0,0.2968448117989489,1.9117424457632504e-05,1.0544444444444445,0.24395458148919225,42,1,5.758400120720298,56441.0,1.0,10.989403440528486,2.9277404062496695
YAGO310,0,ComplEx,random,0.1,63273,52336,89181,69540,0.22752604254269407,0.15117009228423095,0.102247115416961,0.0371715948464359,0.09700437635183334,3811.6298828125,0.221448087431694,0.14449237848720162,0.0953551912568306,0.0363531780270348,4337.890625,0.09355053305625916,0.06811616921150287,0.39374379110591917,0.003090200518871118,7138.647063493729,0.06811616921150287,0.39374379110591917,0.003090200518871118,0.020009994506835938,0.06811616921150287,0.39374379110591917,0.003090200518871118,10.717024087905884,0.06811616921150287,0.39374379110591917,0.003090200518871118,9.504878044128418,True,0.9039662421849611,8.120640231275833e-06,11.271627295095945,153441.08374816246,0.31935770733172925,0.3175906176561126,28302.076242292274,9.067827348567284e-06,37,110280,570031,4.687150492234385e-05,41,0.00023900320294048056,63,0.9984131302140007,0.999752645031586,3,0,0,15,10.337885382662314,52278,"[1.0, 2.0, 3.0, 4.0, 5.0, 6.0, 7.0, 8.0, 10.0, 13.0, 52278.0]",5.168942691331157,"[0.0, 0.0, 0.0, 0.0, 0.0, 0.0, 0.0, 1.0, 3.0, 7.0, 52278.0]",5.168942691331157,"[0.0, 1.0, 1.0, 2.0, 3.0, 4.0, 6.0, 7.0, 8.0, 10.0, 186.0]",0,7.382895385508559,-0.06730058982295456,11.696989481320276,0.0,41.0,"[0.0, 1.0, 3.0, 13.0, 14.0, 14.0, 15.0, 15.0, 15.0, 16.0, 41.0]",0.09166441268802147,1454259216,3,0.0,13693,7.032642211972209e-05,0.0,1.0,0.42651074132150407,0.0,1.0,0.11447737932224783,1.0,0.2960385053130296,2.065231594114658e-05,1.3888888888888886,0.25759457969670546,38,1,5.442110990206746,52278.0,1.0,10.337885382662314,2.9354981877202544
YAGO310,0,ComplEx,random,0.15,58152,52336,79931,69540,0.2681062416334088,0.19120866747569779,0.13368405249527718,0.03720709111608762,0.11175492405891418,3986.352294921875,0.25867126833477133,0.18142795513373597,0.12394305435720449,0.0362093758987633,5322.939453125,0.1065737083554268,0.04788664664234221,0.3415767499278495,0.002888843736283909,6453.744349002838,0.04788664664234221,0.3415767499278495,0.002888843736283909,0.022237539291381836,0.04788664664234221,0.3415767499278495,0.002888843736283909,9.208993673324585,0.04788664664234221,0.3415767499278495,0.002888843736283909,7.7196877002716064,True,0.8561167582667477,8.120640231275833e-06,11.271627295095945,153441.08374816246,0.31935770733172925,0.3169850663454431,24218.142558420233,9.636232233196819e-06,37,103775,513579,4.768985019458622e-05,46,0.0002350480585570517,98,0.9973018549747049,0.9995424267736804,3,0,0,15,9.89793302818598,49311,"[1.0, 2.0, 3.0, 4.0, 5.0, 6.0, 7.0, 8.0, 10.0, 12.0, 49311.0]",4.94896651409299,"[0.0, 0.0, 0.0, 0.0, 0.0, 0.0, 0.0, 1.0, 3.0, 7.0, 49311.0]",4.94896651409299,"[0.0, 1.0, 1.0, 2.0, 3.0, 4.0, 6.0, 7.0, 8.0, 10.0, 177.0]",0,7.339231391894767,-0.06974372714857587,10.670286677908937,0.0,46.0,"[0.0, 1.0, 2.0, 13.0, 13.0, 13.0, 14.0, 14.0, 15.0, 15.0, 46.0]",0.09596731066432826,1292762764,3,0.0,12250,7.148884926207769e-05,0.0,1.0,0.4271610501444423,0.0,0.9999999999999999,0.11396636971292023,1.0,0.29647587795621105,2.1883322947075925e-05,1.3888888888888886,0.2678720735510793,37,1,5.196434594073717,49311.0,1.0,9.89793302818598,2.939724146021737
YAGO310,0,ComplEx,random,0.2,52336,52336,69540,69540,0.27580529191832037,0.19731809030773656,0.14596635030198446,0.06335202761000863,0.13199177384376526,4034.857177734375,0.27580529191832037,0.19731809030773656,0.14596635030198446,0.06335202761000863,4034.857177734375,0.13199177384376526,0.03708707241491197,0.2930868075248121,0.002215885351822407,5108.323085784912,0.03708707241491197,0.2930868075248121,0.002215885351822407,0.016521453857421875,0.03708707241491197,0.2930868075248121,0.002215885351822407,8.298625946044922,0.03708707241491197,0.2930868075248121,0.002215885351822407,6.469264030456543,True,0.767498307137268,8.120640231275833e-06,11.271627295095945,153441.08374816246,0.31935770733172925,0.2153872492892292,21338.862535234857,1.040138962565399e-05,37,96141,411114,4.4478436598305737e-05,44,0.003766688737149562,158,0.9955794094090971,0.9991656815384541,3,0,0,15,8.552313789122227,8458,"[1.0, 2.0, 3.0, 4.0, 4.0, 5.0, 6.0, 7.0, 8.0, 11.0, 8458.0]",4.2761568945611135,"[0.0, 0.0, 0.0, 0.0, 0.0, 0.0, 0.0, 1.0, 3.0, 6.0, 8344.0]",4.2761568945611135,"[0.0, 0.0, 1.0, 2.0, 2.0, 3.0, 5.0, 6.0, 7.0, 9.0, 172.0]",0,7.411739839463634,-0.09167758364953928,11.729948721149146,0.0,44.0,"[0.0, 0.0, 1.0, 14.0, 15.0, 15.0, 16.0, 16.0, 16.0, 17.0, 44.0]",0.020529040420701198,66401386,3,0.0,10949,2.7009638132457105e-05,0.0,1.0,0.08132452590469623,0.0,1.0,0.09930631352221747,1.0,0.21135577516335488,0.00030021225515166646,1.3888888888888886,0.29570966267175053,36,1,4.530699701480118,8458.0,1.0,8.552313789122227,2.7979231964643163
